district,proxy_class,sector_count,mean_proxy_score
Gasabo,High,2,0.4905119019055284
Gasabo,Low,7,0.2228982028814807
Gasabo,Medium,6,0.2962907655556068
Kicukiro,Low,8,0.18273212658966342
Kicukiro,Medium,2,0.24863543667706453
Musanze,High,11,0.4346269700476179
Musanze,Medium,4,0.2664415066425763
Nyarugenge,High,4,0.4299831880784139
Nyarugenge,Low,2,0.21329817691799735
Nyarugenge,Medium,4,0.2815052310322299
