model,held_out_district,test_row_count,accuracy,balanced_accuracy,macro_f1,macro_precision,macro_recall
random_forest,Gasabo,150,0.6066666666666667,0.4682539682539683,0.45104369431388375,0.7535232161400386,0.4682539682539683
random_forest,Kicukiro,100,0.62,0.3875,0.2551440329218107,0.25203252032520324,0.25833333333333336
random_forest,Musanze,150,0.7066666666666667,0.5136363636363637,0.3523627075351213,0.5453551912568306,0.34242424242424246
random_forest,Nyarugenge,100,0.49,0.5499999999999999,0.41113440484509667,0.3282828282828283,0.5499999999999999
catboost,Gasabo,150,0.66,0.546031746031746,0.5606106561520574,0.7591402039093448,0.546031746031746
catboost,Kicukiro,100,0.45,0.31875,0.23242082662372518,0.2667342799188641,0.2125
catboost,Musanze,150,0.12666666666666668,0.1659090909090909,0.13074145320778915,0.4108527131782946,0.1106060606060606
catboost,Nyarugenge,100,0.52,0.5833333333333334,0.4360587002096436,0.3481877599524658,0.5833333333333334
