model,held_out_district,test_row_count,accuracy,balanced_accuracy,macro_f1,macro_precision,macro_recall
random_forest,all_oof,500,0.616,0.6118872549019607,0.607069665814021,0.6323272200163862,0.6118872549019607
catboost,all_oof,500,0.43,0.43137254901960786,0.3746586340885516,0.485173478668135,0.43137254901960786
